2021-09-06T20:54:09.266+09:00,User,IdeState,Active,PlatformProgramming,Editor,D:/User/PlatformProgramming/src/FactorialMain.java,FactorialMain::fac_cal,19,34,Default task
2021-09-06T20:54:10.266+09:00,User,IdeState,Active,PlatformProgramming,Editor,D:/User/PlatformProgramming/src/FactorialMain.java,FactorialMain::fac_cal,19,34,Default task
2021-09-06T20:54:11.267+09:00,User,IdeState,Active,PlatformProgramming,Editor,D:/User/PlatformProgramming/src/FactorialMain.java,FactorialMain::fac_cal,19,34,Default task
2021-09-06T20:54:12.270+09:00,User,IdeState,Active,PlatformProgramming,Editor,D:/User/PlatformProgramming/src/FactorialMain.java,FactorialMain::fac_cal,19,34,Default task
2021-09-06T20:54:13.273+09:00,User,IdeState,Active,PlatformProgramming,Popup,D:/User/PlatformProgramming/src/FactorialMain.java,FactorialMain::fac_cal,19,34,Default task
2021-09-06T20:54:14.274+09:00,User,IdeState,Active,PlatformProgramming,Popup,D:/User/PlatformProgramming/src/FactorialMain.java,FactorialMain::fac_cal,19,34,Default task
2021-09-06T20:54:14.636+09:00,User,Action,Roll Tracking Log,,,,,-1,-1,
2021-09-06T20:54:15.277+09:00,User,IdeState,Active,PlatformProgramming,Dialog,D:/User/PlatformProgramming/src/FactorialMain.java,FactorialMain::fac_cal,19,34,Default task
2021-09-06T20:54:16.279+09:00,User,IdeState,Active,PlatformProgramming,Editor,D:/User/PlatformProgramming/src/FactorialMain.java,FactorialMain::fac_cal,19,34,Default task
2021-09-06T20:54:17.280+09:00,User,IdeState,Active,PlatformProgramming,Editor,D:/User/PlatformProgramming/src/FactorialMain.java,FactorialMain::fac_cal,19,34,Default task
2021-09-06T20:54:18.283+09:00,User,IdeState,Active,PlatformProgramming,Editor,D:/User/PlatformProgramming/src/FactorialMain.java,FactorialMain::fac_cal,19,34,Default task
2021-09-06T20:54:19.283+09:00,User,IdeState,Inactive,,,,,-1,-1,
2021-09-06T20:54:20.285+09:00,User,IdeState,Inactive,,,,,-1,-1,
2021-09-06T20:54:21.286+09:00,User,IdeState,Inactive,,,,,-1,-1,
2021-09-06T20:54:22.287+09:00,User,IdeState,Inactive,,,,,-1,-1,
2021-09-06T20:54:23.287+09:00,User,IdeState,Inactive,,,,,-1,-1,
2021-09-06T20:54:24.288+09:00,User,IdeState,Inactive,,,,,-1,-1,
2021-09-06T20:54:25.289+09:00,User,IdeState,Inactive,,,,,-1,-1,
2021-09-06T20:54:26.291+09:00,User,IdeState,Inactive,,,,,-1,-1,
2021-09-06T20:54:27.294+09:00,User,IdeState,Inactive,,,,,-1,-1,
2021-09-06T20:54:28.294+09:00,User,IdeState,Inactive,,,,,-1,-1,
2021-09-06T20:54:29.306+09:00,User,IdeState,Inactive,,,,,-1,-1,
2021-09-06T20:54:30.308+09:00,User,IdeState,Inactive,,,,,-1,-1,
2021-09-06T20:54:31.309+09:00,User,IdeState,Inactive,,,,,-1,-1,
2021-09-06T20:54:32.312+09:00,User,IdeState,Active,PlatformProgramming,Editor,D:/User/PlatformProgramming/src/FactorialMain.java,FactorialMain::fac_cal,19,34,Default task
2021-09-06T20:54:33.313+09:00,User,IdeState,Inactive,,,,,-1,-1,
2021-09-06T20:54:34.314+09:00,User,IdeState,Inactive,,,,,-1,-1,
2021-09-06T20:54:35.316+09:00,User,IdeState,Inactive,,,,,-1,-1,
2021-09-06T20:54:36.317+09:00,User,IdeState,Inactive,,,,,-1,-1,
2021-09-06T20:54:37.317+09:00,User,IdeState,Inactive,,,,,-1,-1,
2021-09-06T20:54:38.317+09:00,User,IdeState,Active,PlatformProgramming,Editor,D:/User/PlatformProgramming/src/FactorialMain.java,FactorialMain::main,8,20,Default task
2021-09-06T20:54:38.537+09:00,User,Action,SaveAll,PlatformProgramming,Editor,D:/User/PlatformProgramming/src/FactorialMain.java,FactorialMain::main,8,20,Default task
2021-09-06T20:54:39.319+09:00,User,IdeState,Active,PlatformProgramming,Editor,D:/User/PlatformProgramming/src/FactorialMain.java,FactorialMain::main,8,20,Default task
2021-09-06T20:54:40.320+09:00,User,IdeState,Active,PlatformProgramming,Project,D:/User/PlatformProgramming/src/FactorialMain.java,FactorialMain::main,8,20,Default task
2021-09-06T20:54:41.321+09:00,User,IdeState,Inactive,,,,,-1,-1,
2021-09-06T20:54:42.322+09:00,User,IdeState,Inactive,,,,,-1,-1,
2021-09-06T20:54:43.322+09:00,User,IdeState,Inactive,,,,,-1,-1,
2021-09-06T20:54:44.322+09:00,User,IdeState,Inactive,,,,,-1,-1,
2021-09-06T20:54:45.326+09:00,User,IdeState,Inactive,,,,,-1,-1,
2021-09-06T20:54:46.328+09:00,User,IdeState,Inactive,,,,,-1,-1,
2021-09-06T20:54:47.329+09:00,User,IdeState,Inactive,,,,,-1,-1,
2021-09-06T20:54:48.330+09:00,User,IdeState,Inactive,,,,,-1,-1,
2021-09-06T20:54:49.332+09:00,User,IdeState,Inactive,,,,,-1,-1,
2021-09-06T20:54:50.334+09:00,User,IdeState,Inactive,,,,,-1,-1,
2021-09-06T20:54:51.337+09:00,User,IdeState,Inactive,,,,,-1,-1,
2021-09-06T20:54:52.339+09:00,User,IdeState,Inactive,,,,,-1,-1,
2021-09-06T20:54:53.340+09:00,User,IdeState,Inactive,,,,,-1,-1,
2021-09-06T20:54:54.342+09:00,User,IdeState,Inactive,,,,,-1,-1,
2021-09-06T20:54:55.343+09:00,User,IdeState,Inactive,,,,,-1,-1,
2021-09-06T20:54:56.343+09:00,User,IdeState,Inactive,,,,,-1,-1,
2021-09-06T20:54:57.343+09:00,User,IdeState,Inactive,,,,,-1,-1,
2021-09-06T20:54:58.346+09:00,User,IdeState,Inactive,,,,,-1,-1,
2021-09-06T20:54:59.348+09:00,User,IdeState,Inactive,,,,,-1,-1,
2021-09-06T20:55:00.371+09:00,User,IdeState,Inactive,,,,,-1,-1,
2021-09-06T20:55:01.420+09:00,User,IdeState,Inactive,,,,,-1,-1,
2021-09-06T20:55:02.491+09:00,User,IdeState,Inactive,,,,,-1,-1,
2021-09-06T20:55:03.512+09:00,User,IdeState,Inactive,,,,,-1,-1,
2021-09-06T20:55:04.513+09:00,User,IdeState,Inactive,,,,,-1,-1,
2021-09-06T20:55:05.514+09:00,User,IdeState,Inactive,,,,,-1,-1,
2021-09-06T20:55:06.516+09:00,User,IdeState,Inactive,,,,,-1,-1,
2021-09-06T20:55:07.516+09:00,User,IdeState,Inactive,,,,,-1,-1,
2021-09-06T20:55:08.517+09:00,User,IdeState,Inactive,,,,,-1,-1,
2021-09-06T20:55:09.519+09:00,User,IdeState,Inactive,,,,,-1,-1,
2021-09-06T20:55:10.519+09:00,User,IdeState,Inactive,,,,,-1,-1,
2021-09-06T20:55:11.520+09:00,User,IdeState,Inactive,,,,,-1,-1,
2021-09-06T20:55:12.520+09:00,User,IdeState,Inactive,,,,,-1,-1,
2021-09-06T20:55:13.520+09:00,User,IdeState,Inactive,,,,,-1,-1,
2021-09-06T20:55:14.521+09:00,User,IdeState,Inactive,,,,,-1,-1,
2021-09-06T20:55:15.521+09:00,User,IdeState,Inactive,,,,,-1,-1,
2021-09-06T20:55:16.522+09:00,User,IdeState,Inactive,,,,,-1,-1,
2021-09-06T20:55:17.524+09:00,User,IdeState,Inactive,,,,,-1,-1,
2021-09-06T20:55:18.536+09:00,User,IdeState,Inactive,,,,,-1,-1,
2021-09-06T20:55:19.544+09:00,User,IdeState,Inactive,,,,,-1,-1,
2021-09-06T20:55:20.544+09:00,User,IdeState,Inactive,,,,,-1,-1,
2021-09-06T20:55:21.545+09:00,User,IdeState,Inactive,,,,,-1,-1,
2021-09-06T20:55:22.547+09:00,User,IdeState,Inactive,,,,,-1,-1,
2021-09-06T20:55:23.550+09:00,User,IdeState,Inactive,,,,,-1,-1,
2021-09-06T20:55:24.552+09:00,User,IdeState,Inactive,,,,,-1,-1,
2021-09-06T20:55:25.552+09:00,User,IdeState,Inactive,,,,,-1,-1,
2021-09-06T20:55:26.553+09:00,User,IdeState,Inactive,,,,,-1,-1,
2021-09-06T20:55:27.566+09:00,User,IdeState,Inactive,,,,,-1,-1,
2021-09-06T20:55:28.567+09:00,User,IdeState,Inactive,,,,,-1,-1,
2021-09-06T20:55:29.568+09:00,User,IdeState,Inactive,,,,,-1,-1,
2021-09-06T20:55:30.570+09:00,User,IdeState,Inactive,,,,,-1,-1,
2021-09-06T20:55:31.572+09:00,User,IdeState,Inactive,,,,,-1,-1,
2021-09-06T20:55:32.572+09:00,User,IdeState,Active,PlatformProgramming,Editor,D:/User/PlatformProgramming/src/FactorialMain.java,FactorialMain::fac_cal,17,31,Default task
2021-09-06T20:55:33.573+09:00,User,IdeState,Active,PlatformProgramming,Editor,D:/User/PlatformProgramming/src/FactorialMain.java,FactorialMain::fac_cal,17,31,Default task
2021-09-06T20:55:34.573+09:00,User,IdeState,Active,PlatformProgramming,Editor,D:/User/PlatformProgramming/src/FactorialMain.java,FactorialMain::fac_cal,17,31,Default task
2021-09-06T20:55:35.581+09:00,User,IdeState,Active,PlatformProgramming,Popup,D:/User/PlatformProgramming/src/FactorialMain.java,FactorialMain::main,11,67,Default task
2021-09-06T20:55:36.583+09:00,User,IdeState,Active,PlatformProgramming,Popup,D:/User/PlatformProgramming/src/FactorialMain.java,FactorialMain::main,11,67,Default task
2021-09-06T20:55:37.584+09:00,User,IdeState,Active,PlatformProgramming,Popup,D:/User/PlatformProgramming/src/FactorialMain.java,FactorialMain::main,11,67,Default task
2021-09-06T20:55:38.584+09:00,User,IdeState,Active,PlatformProgramming,Popup,D:/User/PlatformProgramming/src/FactorialMain.java,FactorialMain::main,11,67,Default task
2021-09-06T20:55:39.585+09:00,User,IdeState,Active,PlatformProgramming,Popup,D:/User/PlatformProgramming/src/FactorialMain.java,FactorialMain::main,11,67,Default task
2021-09-06T20:55:40.585+09:00,User,IdeState,Active,PlatformProgramming,Popup,D:/User/PlatformProgramming/src/FactorialMain.java,FactorialMain::main,11,67,Default task
2021-09-06T20:55:40.872+09:00,User,Action,RenameElement,PlatformProgramming,Editor,D:/User/PlatformProgramming/src/FactorialMain.java,FactorialMain::main,11,67,Default task
2021-09-06T20:55:41.680+09:00,User,IdeState,Active,PlatformProgramming,Editor,D:/User/PlatformProgramming/src/FactorialMain.java,FactorialMain::main,11,67,Default task
2021-09-06T20:55:42.682+09:00,User,IdeState,Active,PlatformProgramming,Editor,D:/User/PlatformProgramming/src/FactorialMain.java,FactorialMain::main,11,67,Default task
2021-09-06T20:55:43.684+09:00,User,IdeState,Active,PlatformProgramming,Editor,D:/User/PlatformProgramming/src/FactorialMain.java,FactorialMain::main,11,65,Default task
2021-09-06T20:55:44.684+09:00,User,IdeState,Active,PlatformProgramming,Editor,D:/User/PlatformProgramming/src/FactorialMain.java,FactorialMain::main,11,65,Default task
2021-09-06T20:55:45.685+09:00,User,IdeState,Active,PlatformProgramming,Editor,D:/User/PlatformProgramming/src/FactorialMain.java,FactorialMain::main,11,65,Default task
2021-09-06T20:55:45.862+09:00,User,Action,EditorBackSpace,PlatformProgramming,Editor,D:/User/PlatformProgramming/src/FactorialMain.java,FactorialMain::main,11,65,Default task
2021-09-06T20:55:46.687+09:00,User,IdeState,Active,PlatformProgramming,Editor,D:/User/PlatformProgramming/src/FactorialMain.java,FactorialMain::main,11,67,Default task
2021-09-06T20:55:47.687+09:00,User,IdeState,Active,PlatformProgramming,Editor,D:/User/PlatformProgramming/src/FactorialMain.java,FactorialMain::main,11,67,Default task
2021-09-06T20:55:48.688+09:00,User,IdeState,Active,PlatformProgramming,Editor,D:/User/PlatformProgramming/src/FactorialMain.java,FactorialMain::main,11,70,Default task
2021-09-06T20:55:49.691+09:00,User,IdeState,Active,PlatformProgramming,Editor,D:/User/PlatformProgramming/src/FactorialMain.java,FactorialMain::main,11,72,Default task
2021-09-06T20:55:50.692+09:00,User,IdeState,Active,PlatformProgramming,Editor,D:/User/PlatformProgramming/src/FactorialMain.java,FactorialMain::main,11,76,Default task
2021-09-06T20:55:51.694+09:00,User,IdeState,Active,PlatformProgramming,Editor,D:/User/PlatformProgramming/src/FactorialMain.java,FactorialMain::main,11,76,Default task
2021-09-06T20:55:52.458+09:00,User,Action,EditorEscape,PlatformProgramming,Editor,D:/User/PlatformProgramming/src/FactorialMain.java,FactorialMain::main,11,76,Default task
2021-09-06T20:55:52.696+09:00,User,IdeState,Active,PlatformProgramming,Editor,D:/User/PlatformProgramming/src/FactorialMain.java,FactorialMain::main,11,71,Default task
2021-09-06T20:55:53.697+09:00,User,IdeState,Active,PlatformProgramming,Editor,D:/User/PlatformProgramming/src/FactorialMain.java,FactorialMain::main,11,71,Default task
2021-09-06T20:55:54.697+09:00,User,IdeState,Active,PlatformProgramming,Editor,D:/User/PlatformProgramming/src/FactorialMain.java,FactorialMain::main,11,69,Default task
2021-09-06T20:55:55.698+09:00,User,IdeState,Active,PlatformProgramming,Popup,D:/User/PlatformProgramming/src/FactorialMain.java,FactorialMain::main,11,69,Default task
2021-09-06T20:55:56.701+09:00,User,IdeState,Active,PlatformProgramming,Popup,D:/User/PlatformProgramming/src/FactorialMain.java,FactorialMain::main,11,69,Default task
2021-09-06T20:55:57.701+09:00,User,IdeState,Active,PlatformProgramming,Editor,D:/User/PlatformProgramming/src/FactorialMain.java,FactorialMain::main,11,69,Default task
2021-09-06T20:55:58.701+09:00,User,IdeState,Active,PlatformProgramming,Editor,D:/User/PlatformProgramming/src/FactorialMain.java,FactorialMain::fac_cal,17,31,Default task
2021-09-06T20:55:59.702+09:00,User,IdeState,Active,PlatformProgramming,Editor,D:/User/PlatformProgramming/src/FactorialMain.java,FactorialMain::ge,17,26,Default task
2021-09-06T20:56:00.704+09:00,User,IdeState,Active,PlatformProgramming,Editor,D:/User/PlatformProgramming/src/FactorialMain.java,FactorialMain::getFa,17,29,Default task
2021-09-06T20:56:01.704+09:00,User,IdeState,Active,PlatformProgramming,Editor,D:/User/PlatformProgramming/src/FactorialMain.java,FactorialMain::getFacto,17,32,Default task
2021-09-06T20:56:02.707+09:00,User,IdeState,Active,PlatformProgramming,Editor,D:/User/PlatformProgramming/src/FactorialMain.java,FactorialMain::getFactorial,17,36,Default task
2021-09-06T20:56:03.707+09:00,User,IdeState,Active,PlatformProgramming,Editor,D:/User/PlatformProgramming/src/FactorialMain.java,FactorialMain::getFactorial,17,36,Default task
2021-09-06T20:56:04.708+09:00,User,IdeState,Active,PlatformProgramming,Editor,D:/User/PlatformProgramming/src/FactorialMain.java,FactorialMain::getFactorial,17,36,Default task
2021-09-06T20:56:05.709+09:00,User,IdeState,Active,PlatformProgramming,Editor,D:/User/PlatformProgramming/src/FactorialMain.java,FactorialMain::getFactorial,17,36,Default task
2021-09-06T20:56:06.709+09:00,User,IdeState,Active,PlatformProgramming,Editor,D:/User/PlatformProgramming/src/FactorialMain.java,FactorialMain::getFactorial,17,41,Default task
2021-09-06T20:56:07.709+09:00,User,IdeState,Active,PlatformProgramming,Editor,D:/User/PlatformProgramming/src/FactorialMain.java,FactorialMain::getFactorial,17,40,Default task
2021-09-06T20:56:08.720+09:00,User,IdeState,Active,PlatformProgramming,Editor,D:/User/PlatformProgramming/src/FactorialMain.java,FactorialMain::getFactorial,17,43,Default task
2021-09-06T20:56:09.721+09:00,User,IdeState,Active,PlatformProgramming,Editor,D:/User/PlatformProgramming/src/FactorialMain.java,FactorialMain::getFactorial,17,45,Default task
2021-09-06T20:56:10.723+09:00,User,IdeState,Active,PlatformProgramming,Editor,D:/User/PlatformProgramming/src/FactorialMain.java,FactorialMain::getFactorial,17,46,Default task
2021-09-06T20:56:11.726+09:00,User,IdeState,Active,PlatformProgramming,Editor,D:/User/PlatformProgramming/src/FactorialMain.java,FactorialMain::getFactorial,17,53,Default task
2021-09-06T20:56:12.726+09:00,User,IdeState,Active,PlatformProgramming,Editor,D:/User/PlatformProgramming/src/FactorialMain.java,FactorialMain::getFactorial,17,48,Default task
2021-09-06T20:56:13.729+09:00,User,IdeState,Active,PlatformProgramming,Editor,D:/User/PlatformProgramming/src/FactorialMain.java,,23,5,Default task
2021-09-06T20:56:14.730+09:00,User,IdeState,Active,PlatformProgramming,Editor,D:/User/PlatformProgramming/src/FactorialMain.java,FactorialMain::getFactorial,19,34,Default task
2021-09-06T20:56:15.730+09:00,User,IdeState,Active,PlatformProgramming,Editor,D:/User/PlatformProgramming/src/FactorialMain.java,FactorialMain::getFactorial,18,21,Default task
2021-09-06T20:56:16.730+09:00,User,IdeState,Active,PlatformProgramming,Editor,D:/User/PlatformProgramming/src/FactorialMain.java,FactorialMain::getFactorial,21,9,Default task
2021-09-06T20:56:17.256+09:00,User,Action,SaveAll,PlatformProgramming,Editor,D:/User/PlatformProgramming/src/FactorialMain.java,FactorialMain::getFactorial,21,9,Default task
2021-09-06T20:56:17.731+09:00,User,IdeState,Active,PlatformProgramming,Editor,D:/User/PlatformProgramming/src/FactorialMain.java,FactorialMain::getFactorial,21,9,Default task
2021-09-06T20:56:18.733+09:00,User,IdeState,Active,PlatformProgramming,Editor,D:/User/PlatformProgramming/src/FactorialMain.java,FactorialMain::getFactorial,21,9,Default task
2021-09-06T20:56:19.735+09:00,User,IdeState,Active,PlatformProgramming,Editor,D:/User/PlatformProgramming/src/FactorialMain.java,FactorialMain::getFactorial,21,9,Default task
2021-09-06T20:56:20.737+09:00,User,IdeState,Active,PlatformProgramming,Editor,D:/User/PlatformProgramming/src/FactorialMain.java,FactorialMain::getFactorial,21,9,Default task
2021-09-06T20:56:21.738+09:00,User,IdeState,Active,PlatformProgramming,Editor,D:/User/PlatformProgramming/src/FactorialMain.java,FactorialMain::getFactorial,21,9,Default task
2021-09-06T20:56:22.738+09:00,User,IdeState,Active,PlatformProgramming,Editor,D:/User/PlatformProgramming/src/FactorialMain.java,FactorialMain::getFactorial,17,36,Default task
2021-09-06T20:56:22.835+09:00,User,Action,EditorCopy,PlatformProgramming,Editor,D:/User/PlatformProgramming/src/FactorialMain.java,FactorialMain::getFactorial,17,36,Default task
2021-09-06T20:56:23.738+09:00,User,IdeState,Active,PlatformProgramming,Editor,D:/User/PlatformProgramming/src/FactorialMain.java,FactorialMain::main,11,71,Default task
2021-09-06T20:56:24.034+09:00,User,Action,EditorPaste,PlatformProgramming,Editor,D:/User/PlatformProgramming/src/FactorialMain.java,FactorialMain::main,11,71,Default task
2021-09-06T20:56:24.739+09:00,User,IdeState,Active,PlatformProgramming,Editor,D:/User/PlatformProgramming/src/FactorialMain.java,FactorialMain::main,11,76,Default task
2021-09-06T20:56:25.739+09:00,User,IdeState,Active,PlatformProgramming,Editor,D:/User/PlatformProgramming/src/FactorialMain.java,FactorialMain::main,11,76,Default task
2021-09-06T20:56:26.739+09:00,User,IdeState,Active,PlatformProgramming,Editor,D:/User/PlatformProgramming/src/FactorialMain.java,FactorialMain::main,11,76,Default task
2021-09-06T20:56:27.741+09:00,User,IdeState,Active,PlatformProgramming,Editor,D:/User/PlatformProgramming/src/FactorialMain.java,FactorialMain::main,11,76,Default task
2021-09-06T20:56:28.741+09:00,User,IdeState,Active,PlatformProgramming,Editor,D:/User/PlatformProgramming/src/FactorialMain.java,FactorialMain::main,11,76,Default task
2021-09-06T20:56:29.741+09:00,User,IdeState,Active,PlatformProgramming,Editor,D:/User/PlatformProgramming/src/FactorialMain.java,FactorialMain::main,9,12,Default task
2021-09-06T20:56:30.374+09:00,User,Action,EditorEscape,PlatformProgramming,Editor,D:/User/PlatformProgramming/src/FactorialMain.java,FactorialMain::main,9,11,Default task
2021-09-06T20:56:30.747+09:00,User,IdeState,Active,PlatformProgramming,Editor,D:/User/PlatformProgramming/src/FactorialMain.java,FactorialMain::main,9,11,Default task
2021-09-06T20:56:31.434+09:00,User,Action,SaveAll,PlatformProgramming,Editor,D:/User/PlatformProgramming/src/FactorialMain.java,FactorialMain::main,14,21,Default task
2021-09-06T20:56:31.751+09:00,User,IdeState,Active,PlatformProgramming,Editor,D:/User/PlatformProgramming/src/FactorialMain.java,FactorialMain::main,14,21,Default task
2021-09-06T20:56:32.751+09:00,User,IdeState,Active,PlatformProgramming,Editor,D:/User/PlatformProgramming/src/FactorialMain.java,FactorialMain::main,14,21,Default task
2021-09-06T20:56:33.754+09:00,User,IdeState,Active,PlatformProgramming,Editor,D:/User/PlatformProgramming/src/FactorialMain.java,FactorialMain::main,14,21,Default task
2021-09-06T20:56:34.754+09:00,User,IdeState,Active,PlatformProgramming,Editor,D:/User/PlatformProgramming/src/FactorialMain.java,FactorialMain::main,14,21,Default task
2021-09-06T20:56:35.756+09:00,User,IdeState,Active,PlatformProgramming,Editor,D:/User/PlatformProgramming/src/FactorialMain.java,FactorialMain::main,14,21,Default task
2021-09-06T20:56:36.757+09:00,User,IdeState,Active,PlatformProgramming,Editor,D:/User/PlatformProgramming/src/FactorialMain.java,FactorialMain::main,14,21,Default task
2021-09-06T20:56:37.758+09:00,User,IdeState,Active,PlatformProgramming,Editor,D:/User/PlatformProgramming/src/FactorialMain.java,FactorialMain::main,14,21,Default task
2021-09-06T20:56:38.758+09:00,User,IdeState,Active,PlatformProgramming,Editor,D:/User/PlatformProgramming/src/FactorialMain.java,FactorialMain::main,14,21,Default task
2021-09-06T20:56:39.759+09:00,User,IdeState,Active,PlatformProgramming,Editor,D:/User/PlatformProgramming/src/FactorialMain.java,FactorialMain::main,14,21,Default task
2021-09-06T20:56:40.760+09:00,User,IdeState,Active,PlatformProgramming,Editor,D:/User/PlatformProgramming/src/FactorialMain.java,FactorialMain::main,14,21,Default task
2021-09-06T20:56:41.760+09:00,User,IdeState,Active,PlatformProgramming,Editor,D:/User/PlatformProgramming/src/FactorialMain.java,FactorialMain::main,14,21,Default task
2021-09-06T20:56:42.762+09:00,User,IdeState,Active,PlatformProgramming,Editor,D:/User/PlatformProgramming/src/FactorialMain.java,FactorialMain::main,14,21,Default task
2021-09-06T20:56:43.763+09:00,User,IdeState,Active,PlatformProgramming,Editor,D:/User/PlatformProgramming/src/FactorialMain.java,FactorialMain::main,14,21,Default task
2021-09-06T20:56:44.764+09:00,User,IdeState,Active,PlatformProgramming,Editor,D:/User/PlatformProgramming/src/FactorialMain.java,FactorialMain::main,14,21,Default task
2021-09-06T20:56:45.766+09:00,User,IdeState,Active,PlatformProgramming,Editor,D:/User/PlatformProgramming/src/FactorialMain.java,FactorialMain::main,14,21,Default task
2021-09-06T20:56:46.768+09:00,User,IdeState,Active,PlatformProgramming,Editor,D:/User/PlatformProgramming/src/FactorialMain.java,FactorialMain::main,14,21,Default task
2021-09-06T20:56:47.768+09:00,User,IdeState,Active,PlatformProgramming,Editor,D:/User/PlatformProgramming/src/FactorialMain.java,FactorialMain::main,14,21,Default task
2021-09-06T20:56:48.771+09:00,User,IdeState,Active,PlatformProgramming,Editor,D:/User/PlatformProgramming/src/FactorialMain.java,FactorialMain::main,14,21,Default task
2021-09-06T20:56:49.771+09:00,User,IdeState,Active,PlatformProgramming,Editor,D:/User/PlatformProgramming/src/FactorialMain.java,FactorialMain::main,14,21,Default task
2021-09-06T20:56:50.773+09:00,User,IdeState,Active,PlatformProgramming,Editor,D:/User/PlatformProgramming/src/FactorialMain.java,FactorialMain::main,14,21,Default task
2021-09-06T20:56:51.774+09:00,User,IdeState,Active,PlatformProgramming,Editor,D:/User/PlatformProgramming/src/FactorialMain.java,FactorialMain::main,14,21,Default task
2021-09-06T20:56:52.774+09:00,User,IdeState,Active,PlatformProgramming,Editor,D:/User/PlatformProgramming/src/FactorialMain.java,FactorialMain::main,14,21,Default task
2021-09-06T20:56:53.774+09:00,User,IdeState,Active,PlatformProgramming,Editor,D:/User/PlatformProgramming/src/FactorialMain.java,FactorialMain::main,14,21,Default task
2021-09-06T20:56:54.776+09:00,User,IdeState,Active,PlatformProgramming,Editor,D:/User/PlatformProgramming/src/FactorialMain.java,FactorialMain::main,14,21,Default task
2021-09-06T20:56:55.777+09:00,User,IdeState,Active,PlatformProgramming,Editor,D:/User/PlatformProgramming/src/FactorialMain.java,FactorialMain::main,14,21,Default task
2021-09-06T20:56:56.629+09:00,User,Action,EditorEnter,PlatformProgramming,Editor,D:/User/PlatformProgramming/src/FactorialMain.java,FactorialMain::main,9,23,Default task
2021-09-06T20:56:56.777+09:00,User,IdeState,Active,PlatformProgramming,Editor,D:/User/PlatformProgramming/src/FactorialMain.java,FactorialMain::main,10,8,Default task
2021-09-06T20:56:56.950+09:00,User,Action,EditorEnter,PlatformProgramming,Editor,D:/User/PlatformProgramming/src/FactorialMain.java,FactorialMain::main,10,8,Default task
2021-09-06T20:56:57.129+09:00,User,Action,EditorEnter,PlatformProgramming,Editor,D:/User/PlatformProgramming/src/FactorialMain.java,FactorialMain::main,11,8,Default task
2021-09-06T20:56:57.779+09:00,User,IdeState,Active,PlatformProgramming,Editor,D:/User/PlatformProgramming/src/FactorialMain.java,FactorialMain::main,12,8,Default task
2021-09-06T20:56:58.165+09:00,User,Action,EditorUp,PlatformProgramming,Editor,D:/User/PlatformProgramming/src/FactorialMain.java,FactorialMain::main,12,8,Default task
2021-09-06T20:56:58.592+09:00,User,Action,EditorUp,PlatformProgramming,Editor,D:/User/PlatformProgramming/src/FactorialMain.java,FactorialMain::main,11,8,Default task
2021-09-06T20:56:58.781+09:00,User,IdeState,Active,PlatformProgramming,Editor,D:/User/PlatformProgramming/src/FactorialMain.java,FactorialMain::main,10,8,Default task
2021-09-06T20:56:59.782+09:00,User,IdeState,Active,PlatformProgramming,Editor,D:/User/PlatformProgramming/src/FactorialMain.java,FactorialMain::main,10,8,Default task
2021-09-06T20:57:00.783+09:00,User,IdeState,Active,PlatformProgramming,Editor,D:/User/PlatformProgramming/src/FactorialMain.java,FactorialMain::main,10,11,Default task
2021-09-06T20:57:01.815+09:00,User,IdeState,Active,PlatformProgramming,Editor,D:/User/PlatformProgramming/src/FactorialMain.java,FactorialMain::main,10,14,Default task
2021-09-06T20:57:02.816+09:00,User,IdeState,Active,PlatformProgramming,Editor,D:/User/PlatformProgramming/src/FactorialMain.java,FactorialMain::main,10,22,Default task
2021-09-06T20:57:03.816+09:00,User,IdeState,Active,PlatformProgramming,Editor,D:/User/PlatformProgramming/src/FactorialMain.java,FactorialMain::main,10,23,Default task
2021-09-06T20:57:04.817+09:00,User,IdeState,Active,PlatformProgramming,Editor,D:/User/PlatformProgramming/src/FactorialMain.java,FactorialMain::main,10,26,Default task
2021-09-06T20:57:05.818+09:00,User,IdeState,Active,PlatformProgramming,Editor,D:/User/PlatformProgramming/src/FactorialMain.java,FactorialMain::main,10,28,Default task
2021-09-06T20:57:06.820+09:00,User,IdeState,Active,PlatformProgramming,Editor,D:/User/PlatformProgramming/src/FactorialMain.java,FactorialMain::main,10,32,Default task
2021-09-06T20:57:07.523+09:00,User,Action,EditorRight,PlatformProgramming,Editor,D:/User/PlatformProgramming/src/FactorialMain.java,FactorialMain::main,10,35,Default task
2021-09-06T20:57:07.822+09:00,User,IdeState,Active,PlatformProgramming,Editor,D:/User/PlatformProgramming/src/FactorialMain.java,FactorialMain::main,10,36,Default task
2021-09-06T20:57:08.822+09:00,User,IdeState,Active,PlatformProgramming,Editor,D:/User/PlatformProgramming/src/FactorialMain.java,FactorialMain::main,10,37,Default task
2021-09-06T20:57:09.823+09:00,User,IdeState,Active,PlatformProgramming,Editor,D:/User/PlatformProgramming/src/FactorialMain.java,FactorialMain::main,10,37,Default task
2021-09-06T20:57:10.551+09:00,User,Action,EditorLeft,PlatformProgramming,Editor,D:/User/PlatformProgramming/src/FactorialMain.java,FactorialMain::main,10,38,Default task
2021-09-06T20:57:10.766+09:00,User,Action,EditorEnter,PlatformProgramming,Editor,D:/User/PlatformProgramming/src/FactorialMain.java,FactorialMain::main,10,37,Default task
2021-09-06T20:57:10.825+09:00,User,IdeState,Active,PlatformProgramming,Editor,D:/User/PlatformProgramming/src/FactorialMain.java,FactorialMain::main,11,12,Default task
2021-09-06T20:57:11.826+09:00,User,IdeState,Active,PlatformProgramming,Editor,D:/User/PlatformProgramming/src/FactorialMain.java,FactorialMain::main,11,12,Default task
2021-09-06T20:57:12.826+09:00,User,IdeState,Active,PlatformProgramming,Editor,D:/User/PlatformProgramming/src/FactorialMain.java,FactorialMain::main,11,12,Default task
2021-09-06T20:57:13.827+09:00,User,IdeState,Active,PlatformProgramming,Editor,D:/User/PlatformProgramming/src/FactorialMain.java,FactorialMain::main,11,12,Default task
2021-09-06T20:57:14.829+09:00,User,IdeState,Active,PlatformProgramming,Editor,D:/User/PlatformProgramming/src/FactorialMain.java,FactorialMain::main,11,12,Default task
2021-09-06T20:57:15.829+09:00,User,IdeState,Active,PlatformProgramming,Editor,D:/User/PlatformProgramming/src/FactorialMain.java,FactorialMain::main,11,12,Default task
2021-09-06T20:57:16.830+09:00,User,IdeState,Active,PlatformProgramming,Editor,D:/User/PlatformProgramming/src/FactorialMain.java,FactorialMain::main,11,12,Default task
2021-09-06T20:57:17.830+09:00,User,IdeState,Active,PlatformProgramming,Editor,D:/User/PlatformProgramming/src/FactorialMain.java,FactorialMain::main,11,12,Default task
2021-09-06T20:57:18.833+09:00,User,IdeState,Active,PlatformProgramming,Editor,D:/User/PlatformProgramming/src/FactorialMain.java,FactorialMain::main,17,7,Default task
2021-09-06T20:57:19.748+09:00,User,Action,EditorCopy,PlatformProgramming,Editor,D:/User/PlatformProgramming/src/FactorialMain.java,FactorialMain::main,16,0,Default task
2021-09-06T20:57:19.835+09:00,User,IdeState,Active,PlatformProgramming,Editor,D:/User/PlatformProgramming/src/FactorialMain.java,FactorialMain::main,16,0,Default task
2021-09-06T20:57:20.395+09:00,User,Action,EditorPaste,PlatformProgramming,Editor,D:/User/PlatformProgramming/src/FactorialMain.java,FactorialMain::main,11,12,Default task
2021-09-06T20:57:20.842+09:00,User,IdeState,Active,PlatformProgramming,Editor,D:/User/PlatformProgramming/src/FactorialMain.java,FactorialMain::main,12,24,Default task
2021-09-06T20:57:21.843+09:00,User,IdeState,Active,PlatformProgramming,Editor,D:/User/PlatformProgramming/src/FactorialMain.java,FactorialMain::main,12,24,Default task
2021-09-06T20:57:22.843+09:00,User,IdeState,Active,PlatformProgramming,Editor,D:/User/PlatformProgramming/src/FactorialMain.java,FactorialMain::main,19,0,Default task
2021-09-06T20:57:23.844+09:00,User,IdeState,Active,PlatformProgramming,Editor,D:/User/PlatformProgramming/src/FactorialMain.java,FactorialMain::main,20,0,Default task
2021-09-06T20:57:24.845+09:00,User,IdeState,Active,PlatformProgramming,Editor,D:/User/PlatformProgramming/src/FactorialMain.java,FactorialMain::main,20,0,Default task
2021-09-06T20:57:25.845+09:00,User,IdeState,Active,PlatformProgramming,Editor,D:/User/PlatformProgramming/src/FactorialMain.java,FactorialMain::main,14,0,Default task
2021-09-06T20:57:26.600+09:00,User,Action,EditorBackSpace,PlatformProgramming,Editor,D:/User/PlatformProgramming/src/FactorialMain.java,FactorialMain::main,14,0,Default task
2021-09-06T20:57:26.847+09:00,User,IdeState,Active,PlatformProgramming,Editor,D:/User/PlatformProgramming/src/FactorialMain.java,FactorialMain::main,14,0,Default task
2021-09-06T20:57:27.847+09:00,User,IdeState,Active,PlatformProgramming,Editor,D:/User/PlatformProgramming/src/FactorialMain.java,FactorialMain::main,8,3,Default task
2021-09-06T20:57:28.361+09:00,User,Action,EditorBackSpace,PlatformProgramming,Editor,D:/User/PlatformProgramming/src/FactorialMain.java,FactorialMain::main,8,0,Default task
2021-09-06T20:57:28.631+09:00,User,Action,EditorBackSpace,PlatformProgramming,Editor,D:/User/PlatformProgramming/src/FactorialMain.java,FactorialMain::main,8,0,Default task
2021-09-06T20:57:28.848+09:00,User,IdeState,Active,PlatformProgramming,Editor,D:/User/PlatformProgramming/src/FactorialMain.java,FactorialMain::main,7,41,Default task
2021-09-06T20:57:29.849+09:00,User,IdeState,Active,PlatformProgramming,Editor,D:/User/PlatformProgramming/src/FactorialMain.java,FactorialMain::main,7,41,Default task
2021-09-06T20:57:30.850+09:00,User,IdeState,Active,PlatformProgramming,Editor,D:/User/PlatformProgramming/src/FactorialMain.java,FactorialMain::main,8,23,Default task
2021-09-06T20:57:31.852+09:00,User,IdeState,Active,PlatformProgramming,Editor,D:/User/PlatformProgramming/src/FactorialMain.java,FactorialMain::main,8,23,Default task
2021-09-06T20:57:32.853+09:00,User,IdeState,Active,PlatformProgramming,Editor,D:/User/PlatformProgramming/src/FactorialMain.java,FactorialMain::main,8,23,Default task
2021-09-06T20:57:33.861+09:00,User,IdeState,Active,PlatformProgramming,Editor,D:/User/PlatformProgramming/src/FactorialMain.java,FactorialMain::main,8,23,Default task
2021-09-06T20:57:34.861+09:00,User,IdeState,Active,PlatformProgramming,Editor,D:/User/PlatformProgramming/src/FactorialMain.java,FactorialMain::main,8,23,Default task
2021-09-06T20:57:35.862+09:00,User,IdeState,Active,PlatformProgramming,Editor,D:/User/PlatformProgramming/src/FactorialMain.java,FactorialMain::main,8,23,Default task
2021-09-06T20:57:36.862+09:00,User,IdeState,Active,PlatformProgramming,Editor,D:/User/PlatformProgramming/src/FactorialMain.java,FactorialMain::main,8,23,Default task
2021-09-06T20:57:37.862+09:00,User,IdeState,Active,PlatformProgramming,Editor,D:/User/PlatformProgramming/src/FactorialMain.java,FactorialMain::main,8,23,Default task
2021-09-06T20:57:38.863+09:00,User,IdeState,Active,PlatformProgramming,Editor,D:/User/PlatformProgramming/src/FactorialMain.java,FactorialMain::main,8,23,Default task
2021-09-06T20:57:39.865+09:00,User,IdeState,Active,PlatformProgramming,Editor,D:/User/PlatformProgramming/src/FactorialMain.java,FactorialMain::main,8,23,Default task
2021-09-06T20:57:40.865+09:00,User,IdeState,Active,PlatformProgramming,Editor,D:/User/PlatformProgramming/src/FactorialMain.java,FactorialMain::main,8,23,Default task
2021-09-06T20:57:41.866+09:00,User,IdeState,Active,PlatformProgramming,Editor,D:/User/PlatformProgramming/src/FactorialMain.java,FactorialMain::main,8,23,Default task
2021-09-06T20:57:42.866+09:00,User,IdeState,Active,PlatformProgramming,Editor,D:/User/PlatformProgramming/src/FactorialMain.java,FactorialMain::main,8,23,Default task
2021-09-06T20:57:43.866+09:00,User,IdeState,Active,PlatformProgramming,Editor,D:/User/PlatformProgramming/src/FactorialMain.java,FactorialMain::main,8,23,Default task
2021-09-06T20:57:44.869+09:00,User,IdeState,Active,PlatformProgramming,Editor,D:/User/PlatformProgramming/src/FactorialMain.java,FactorialMain::main,8,23,Default task
2021-09-06T20:57:45.869+09:00,User,IdeState,Active,PlatformProgramming,Editor,D:/User/PlatformProgramming/src/FactorialMain.java,FactorialMain::main,8,23,Default task
2021-09-06T20:57:46.870+09:00,User,IdeState,Active,PlatformProgramming,Editor,D:/User/PlatformProgramming/src/FactorialMain.java,FactorialMain::main,8,23,Default task
2021-09-06T20:57:47.871+09:00,User,IdeState,Active,PlatformProgramming,Editor,D:/User/PlatformProgramming/src/FactorialMain.java,FactorialMain::main,8,23,Default task
2021-09-06T20:57:48.750+09:00,User,Action,EditorCopy,PlatformProgramming,Editor,D:/User/PlatformProgramming/src/FactorialMain.java,FactorialMain::main,7,20,Default task
2021-09-06T20:57:48.872+09:00,User,IdeState,Active,PlatformProgramming,Editor,D:/User/PlatformProgramming/src/FactorialMain.java,FactorialMain::main,7,20,Default task
2021-09-06T20:57:49.382+09:00,User,Action,EditorPaste,PlatformProgramming,Editor,D:/User/PlatformProgramming/src/FactorialMain.java,FactorialMain::main,9,30,Default task
2021-09-06T20:57:49.872+09:00,User,IdeState,Active,PlatformProgramming,Editor,D:/User/PlatformProgramming/src/FactorialMain.java,FactorialMain::main,9,36,Default task
2021-09-06T20:57:50.873+09:00,User,IdeState,Active,PlatformProgramming,Editor,D:/User/PlatformProgramming/src/FactorialMain.java,FactorialMain::main,13,0,Default task
2021-09-06T20:57:51.493+09:00,User,Action,SaveAll,PlatformProgramming,Editor,D:/User/PlatformProgramming/src/FactorialMain.java,FactorialMain::main,12,9,Default task
2021-09-06T20:57:51.874+09:00,User,IdeState,Active,PlatformProgramming,Editor,D:/User/PlatformProgramming/src/FactorialMain.java,FactorialMain::main,12,9,Default task
2021-09-06T20:57:52.875+09:00,User,IdeState,Active,PlatformProgramming,Editor,D:/User/PlatformProgramming/src/FactorialMain.java,FactorialMain::main,12,9,Default task
2021-09-06T20:57:53.878+09:00,User,IdeState,Active,PlatformProgramming,Editor,D:/User/PlatformProgramming/src/FactorialMain.java,FactorialMain::main,12,9,Default task
2021-09-06T20:57:54.880+09:00,User,IdeState,Active,PlatformProgramming,Editor,D:/User/PlatformProgramming/src/FactorialMain.java,FactorialMain::main,13,0,Default task
2021-09-06T20:57:55.881+09:00,User,IdeState,Active,PlatformProgramming,Editor,D:/User/PlatformProgramming/src/FactorialMain.java,FactorialMain::main,13,0,Default task
2021-09-06T20:57:56.882+09:00,User,IdeState,Active,PlatformProgramming,Editor,D:/User/PlatformProgramming/src/FactorialMain.java,FactorialMain::main,12,9,Default task
2021-09-06T20:57:57.883+09:00,User,IdeState,Active,PlatformProgramming,Editor,D:/User/PlatformProgramming/src/FactorialMain.java,FactorialMain::main,13,0,Default task
2021-09-06T20:57:58.015+09:00,User,Action,EditorBackSpace,PlatformProgramming,Editor,D:/User/PlatformProgramming/src/FactorialMain.java,FactorialMain::main,13,0,Default task
2021-09-06T20:57:58.884+09:00,User,IdeState,Active,PlatformProgramming,Editor,D:/User/PlatformProgramming/src/FactorialMain.java,FactorialMain::main,12,9,Default task
2021-09-06T20:57:59.122+09:00,User,Action,SaveAll,PlatformProgramming,Editor,D:/User/PlatformProgramming/src/FactorialMain.java,FactorialMain::main,12,9,Default task
2021-09-06T20:57:59.884+09:00,User,IdeState,Active,PlatformProgramming,Editor,D:/User/PlatformProgramming/src/FactorialMain.java,FactorialMain::main,12,9,Default task
2021-09-06T20:58:00.271+09:00,User,Action,Run,PlatformProgramming,Editor,D:/User/PlatformProgramming/src/FactorialMain.java,FactorialMain::main,12,9,Default task
2021-09-06T20:58:00.885+09:00,User,IdeState,Active,PlatformProgramming,Editor,D:/User/PlatformProgramming/src/FactorialMain.java,FactorialMain::main,12,9,Default task
2021-09-06T20:58:01.885+09:00,User,IdeState,Active,PlatformProgramming,Editor,D:/User/PlatformProgramming/src/FactorialMain.java,FactorialMain::main,12,9,Default task
2021-09-06T20:58:02.887+09:00,User,IdeState,Active,PlatformProgramming,Editor,D:/User/PlatformProgramming/src/FactorialMain.java,FactorialMain::main,12,9,Default task
2021-09-06T20:58:03.890+09:00,User,IdeState,Active,PlatformProgramming,Editor,D:/User/PlatformProgramming/src/FactorialMain.java,FactorialMain::main,12,9,Default task
2021-09-06T20:58:04.892+09:00,User,IdeState,Active,PlatformProgramming,Editor,D:/User/PlatformProgramming/src/FactorialMain.java,FactorialMain::main,12,9,Default task
2021-09-06T20:58:05.913+09:00,User,IdeState,Active,PlatformProgramming,Editor,D:/User/PlatformProgramming/src/FactorialMain.java,FactorialMain::main,12,9,Default task
2021-09-06T20:58:06.915+09:00,User,IdeState,Active,PlatformProgramming,Editor,D:/User/PlatformProgramming/src/FactorialMain.java,FactorialMain::main,12,9,Default task
2021-09-06T20:58:07.915+09:00,User,IdeState,Active,PlatformProgramming,Editor,D:/User/PlatformProgramming/src/FactorialMain.java,FactorialMain::main,12,9,Default task
2021-09-06T20:58:08.915+09:00,User,IdeState,Active,PlatformProgramming,Editor,D:/User/PlatformProgramming/src/FactorialMain.java,FactorialMain::main,12,9,Default task
2021-09-06T20:58:09.916+09:00,User,IdeState,Active,PlatformProgramming,Editor,D:/User/PlatformProgramming/src/FactorialMain.java,FactorialMain::main,12,9,Default task
2021-09-06T20:58:10.918+09:00,User,IdeState,Active,PlatformProgramming,Editor,D:/User/PlatformProgramming/src/FactorialMain.java,FactorialMain::main,12,9,Default task
2021-09-06T20:58:11.918+09:00,User,IdeState,Active,PlatformProgramming,Editor,D:/User/PlatformProgramming/src/FactorialMain.java,FactorialMain::main,12,9,Default task
2021-09-06T20:58:12.921+09:00,User,IdeState,Active,PlatformProgramming,Editor,D:/User/PlatformProgramming/src/FactorialMain.java,FactorialMain::main,12,9,Default task
2021-09-06T20:58:13.921+09:00,User,IdeState,Active,PlatformProgramming,Editor,D:/User/PlatformProgramming/src/FactorialMain.java,FactorialMain::main,12,9,Default task
2021-09-06T20:58:14.921+09:00,User,IdeState,Active,PlatformProgramming,Editor,D:/User/PlatformProgramming/src/FactorialMain.java,FactorialMain::main,12,9,Default task
2021-09-06T20:58:15.924+09:00,User,IdeState,Active,PlatformProgramming,Editor,D:/User/PlatformProgramming/src/FactorialMain.java,FactorialMain::main,12,9,Default task
2021-09-06T20:58:16.925+09:00,User,IdeState,Active,PlatformProgramming,Editor,D:/User/PlatformProgramming/src/FactorialMain.java,FactorialMain::main,12,9,Default task
2021-09-06T20:58:17.925+09:00,User,IdeState,Active,PlatformProgramming,Editor,D:/User/PlatformProgramming/src/FactorialMain.java,FactorialMain::main,12,9,Default task
2021-09-06T20:58:18.928+09:00,User,IdeState,Active,PlatformProgramming,Editor,D:/User/PlatformProgramming/src/FactorialMain.java,FactorialMain::main,12,9,Default task
2021-09-06T20:58:19.928+09:00,User,IdeState,Active,PlatformProgramming,Editor,D:/User/PlatformProgramming/src/FactorialMain.java,FactorialMain::main,12,9,Default task
2021-09-06T20:58:20.928+09:00,User,IdeState,Active,PlatformProgramming,Editor,D:/User/PlatformProgramming/src/FactorialMain.java,FactorialMain::main,12,9,Default task
2021-09-06T20:58:21.929+09:00,User,IdeState,Active,PlatformProgramming,Editor,D:/User/PlatformProgramming/src/FactorialMain.java,FactorialMain::main,12,9,Default task
2021-09-06T20:58:22.931+09:00,User,IdeState,Active,PlatformProgramming,Editor,D:/User/PlatformProgramming/src/FactorialMain.java,FactorialMain::main,12,9,Default task
2021-09-06T20:58:23.933+09:00,User,IdeState,Active,PlatformProgramming,Editor,D:/User/PlatformProgramming/src/FactorialMain.java,FactorialMain::main,12,9,Default task
2021-09-06T20:58:24.936+09:00,User,IdeState,Active,PlatformProgramming,Editor,D:/User/PlatformProgramming/src/FactorialMain.java,FactorialMain::main,12,9,Default task
2021-09-06T20:58:25.938+09:00,User,IdeState,Active,PlatformProgramming,Editor,D:/User/PlatformProgramming/src/FactorialMain.java,FactorialMain::main,12,9,Default task
2021-09-06T20:58:26.939+09:00,User,IdeState,Active,PlatformProgramming,Editor,D:/User/PlatformProgramming/src/FactorialMain.java,FactorialMain::main,12,9,Default task
2021-09-06T20:58:27.941+09:00,User,IdeState,Active,PlatformProgramming,Editor,D:/User/PlatformProgramming/src/FactorialMain.java,FactorialMain::main,12,9,Default task
2021-09-06T20:58:28.941+09:00,User,IdeState,Active,PlatformProgramming,Editor,D:/User/PlatformProgramming/src/FactorialMain.java,FactorialMain::main,12,9,Default task
2021-09-06T20:58:29.941+09:00,User,IdeState,Active,PlatformProgramming,Editor,D:/User/PlatformProgramming/src/FactorialMain.java,FactorialMain::main,12,9,Default task
2021-09-06T20:58:30.943+09:00,User,IdeState,Active,PlatformProgramming,Editor,D:/User/PlatformProgramming/src/FactorialMain.java,FactorialMain::main,12,9,Default task
2021-09-06T20:58:31.945+09:00,User,IdeState,Active,PlatformProgramming,Editor,D:/User/PlatformProgramming/src/FactorialMain.java,FactorialMain::main,12,9,Default task
2021-09-06T20:58:32.946+09:00,User,IdeState,Active,PlatformProgramming,Editor,D:/User/PlatformProgramming/src/FactorialMain.java,FactorialMain::main,12,9,Default task
2021-09-06T20:58:33.946+09:00,User,IdeState,Active,PlatformProgramming,Editor,D:/User/PlatformProgramming/src/FactorialMain.java,FactorialMain::main,12,9,Default task
2021-09-06T20:58:34.948+09:00,User,IdeState,Active,PlatformProgramming,Editor,D:/User/PlatformProgramming/src/FactorialMain.java,FactorialMain::main,12,9,Default task
2021-09-06T20:58:35.949+09:00,User,IdeState,Active,PlatformProgramming,Editor,D:/User/PlatformProgramming/src/FactorialMain.java,FactorialMain::main,12,9,Default task
2021-09-06T20:58:36.949+09:00,User,IdeState,Active,PlatformProgramming,Editor,D:/User/PlatformProgramming/src/FactorialMain.java,FactorialMain::main,12,9,Default task
2021-09-06T20:58:37.950+09:00,User,IdeState,Active,PlatformProgramming,Editor,D:/User/PlatformProgramming/src/FactorialMain.java,FactorialMain::main,12,9,Default task
2021-09-06T20:58:38.950+09:00,User,IdeState,Active,PlatformProgramming,Editor,D:/User/PlatformProgramming/src/FactorialMain.java,FactorialMain::main,12,9,Default task
2021-09-06T20:58:39.950+09:00,User,IdeState,Active,PlatformProgramming,Editor,D:/User/PlatformProgramming/src/FactorialMain.java,FactorialMain::main,12,9,Default task
2021-09-06T20:58:40.951+09:00,User,IdeState,Active,PlatformProgramming,Editor,D:/User/PlatformProgramming/src/FactorialMain.java,FactorialMain::main,12,9,Default task
2021-09-06T20:58:41.951+09:00,User,IdeState,Active,PlatformProgramming,Editor,D:/User/PlatformProgramming/src/FactorialMain.java,FactorialMain::main,7,7,Default task
2021-09-06T20:58:42.954+09:00,User,IdeState,Active,PlatformProgramming,Editor,D:/User/PlatformProgramming/src/FactorialMain.java,FactorialMain::main,5,0,Default task
2021-09-06T20:58:43.956+09:00,User,IdeState,Active,PlatformProgramming,Editor,D:/User/PlatformProgramming/src/FactorialMain.java,FactorialMain::main,5,0,Default task
2021-09-06T20:58:44.956+09:00,User,IdeState,Active,PlatformProgramming,Editor,D:/User/PlatformProgramming/src/FactorialMain.java,FactorialMain::main,5,0,Default task
2021-09-06T20:58:45.956+09:00,User,IdeState,Active,PlatformProgramming,Editor,D:/User/PlatformProgramming/src/FactorialMain.java,FactorialMain::main,5,0,Default task
2021-09-06T20:58:46.891+09:00,User,Action,EditorBackSpace,PlatformProgramming,Editor,D:/User/PlatformProgramming/src/FactorialMain.java,FactorialMain::main,5,0,Default task
2021-09-06T20:58:46.958+09:00,User,IdeState,Active,PlatformProgramming,Editor,D:/User/PlatformProgramming/src/FactorialMain.java,FactorialMain::main,5,0,Default task
2021-09-06T20:58:47.961+09:00,User,IdeState,Active,PlatformProgramming,Editor,D:/User/PlatformProgramming/src/FactorialMain.java,FactorialMain::main,5,0,Default task
2021-09-06T20:58:48.961+09:00,User,IdeState,Active,PlatformProgramming,Editor,D:/User/PlatformProgramming/src/FactorialMain.java,,1,0,Default task
2021-09-06T20:58:49.545+09:00,User,Action,EditorBackSpace,PlatformProgramming,Editor,D:/User/PlatformProgramming/src/FactorialMain.java,,1,0,Default task
2021-09-06T20:58:49.908+09:00,User,Action,EditorBackSpace,PlatformProgramming,Editor,D:/User/PlatformProgramming/src/FactorialMain.java,,1,0,Default task
2021-09-06T20:58:49.963+09:00,User,IdeState,Active,PlatformProgramming,Editor,D:/User/PlatformProgramming/src/FactorialMain.java,,0,44,Default task
2021-09-06T20:58:50.966+09:00,User,IdeState,Active,PlatformProgramming,Editor,D:/User/PlatformProgramming/src/FactorialMain.java,,0,44,Default task
2021-09-06T20:58:51.966+09:00,User,IdeState,Active,PlatformProgramming,Editor,D:/User/PlatformProgramming/src/FactorialMain.java,,0,44,Default task
2021-09-06T20:58:52.944+09:00,User,Action,EditorBackSpace,PlatformProgramming,Editor,D:/User/PlatformProgramming/src/FactorialMain.java,FactorialMain::main,6,0,Default task
2021-09-06T20:58:52.969+09:00,User,IdeState,Active,PlatformProgramming,Editor,D:/User/PlatformProgramming/src/FactorialMain.java,FactorialMain::main,6,0,Default task
2021-09-06T20:58:53.534+09:00,User,Action,EditorBackSpace,PlatformProgramming,Editor,D:/User/PlatformProgramming/src/FactorialMain.java,FactorialMain::main,4,0,Default task
2021-09-06T20:58:53.969+09:00,User,IdeState,Active,PlatformProgramming,Editor,D:/User/PlatformProgramming/src/FactorialMain.java,FactorialMain::main,3,43,Default task
2021-09-06T20:58:54.389+09:00,User,Action,EditorBackSpace,PlatformProgramming,Editor,D:/User/PlatformProgramming/src/FactorialMain.java,FactorialMain::main,5,0,Default task
2021-09-06T20:58:54.972+09:00,User,IdeState,Active,PlatformProgramming,Editor,D:/User/PlatformProgramming/src/FactorialMain.java,FactorialMain::main,4,47,Default task
2021-09-06T20:58:55.973+09:00,User,IdeState,Active,PlatformProgramming,Editor,D:/User/PlatformProgramming/src/FactorialMain.java,FactorialMain::main,6,36,Default task
2021-09-06T20:58:56.980+09:00,User,IdeState,Active,PlatformProgramming,Editor,D:/User/PlatformProgramming/src/FactorialMain.java,FactorialMain::main,5,23,Default task
2021-09-06T20:58:57.981+09:00,User,IdeState,Active,PlatformProgramming,Editor,D:/User/PlatformProgramming/src/FactorialMain.java,FactorialMain::main,4,44,Default task
2021-09-06T20:58:58.982+09:00,User,IdeState,Active,PlatformProgramming,Editor,D:/User/PlatformProgramming/src/FactorialMain.java,FactorialMain::main,4,44,Default task
2021-09-06T20:58:59.992+09:00,User,IdeState,Active,PlatformProgramming,Editor,D:/User/PlatformProgramming/src/FactorialMain.java,FactorialMain::main,4,46,Default task
2021-09-06T20:59:00.993+09:00,User,IdeState,Active,PlatformProgramming,Editor,D:/User/PlatformProgramming/src/FactorialMain.java,FactorialMain::main,5,23,Default task
2021-09-06T20:59:01.273+09:00,User,Action,SaveAll,PlatformProgramming,Editor,D:/User/PlatformProgramming/src/FactorialMain.java,FactorialMain::main,5,23,Default task
2021-09-06T20:59:01.993+09:00,User,IdeState,Active,PlatformProgramming,Editor,D:/User/PlatformProgramming/src/FactorialMain.java,FactorialMain::main,5,23,Default task
2021-09-06T20:59:02.996+09:00,User,IdeState,Active,PlatformProgramming,Editor,D:/User/PlatformProgramming/src/FactorialMain.java,FactorialMain::main,5,23,Default task
2021-09-06T20:59:03.997+09:00,User,IdeState,Active,PlatformProgramming,Editor,D:/User/PlatformProgramming/src/FactorialMain.java,FactorialMain::main,5,23,Default task
2021-09-06T20:59:04.997+09:00,User,IdeState,Active,PlatformProgramming,Editor,D:/User/PlatformProgramming/src/FactorialMain.java,FactorialMain::main,5,23,Default task
2021-09-06T20:59:05.998+09:00,User,IdeState,Active,PlatformProgramming,Editor,D:/User/PlatformProgramming/src/FactorialMain.java,FactorialMain::main,5,23,Default task
2021-09-06T20:59:07.000+09:00,User,IdeState,Active,PlatformProgramming,Editor,D:/User/PlatformProgramming/src/FactorialMain.java,FactorialMain::main,5,23,Default task
2021-09-06T20:59:08.000+09:00,User,IdeState,Active,PlatformProgramming,Editor,D:/User/PlatformProgramming/src/FactorialMain.java,FactorialMain::main,5,23,Default task
2021-09-06T20:59:09.003+09:00,User,IdeState,Active,PlatformProgramming,Editor,D:/User/PlatformProgramming/src/FactorialMain.java,FactorialMain::main,5,23,Default task
2021-09-06T20:59:09.464+09:00,User,Action,Run,PlatformProgramming,Editor,D:/User/PlatformProgramming/src/FactorialMain.java,FactorialMain::main,5,23,Default task
2021-09-06T20:59:10.003+09:00,User,IdeState,Active,PlatformProgramming,Editor,D:/User/PlatformProgramming/src/FactorialMain.java,FactorialMain::main,5,23,Default task
2021-09-06T20:59:11.005+09:00,User,IdeState,Active,PlatformProgramming,Editor,D:/User/PlatformProgramming/src/FactorialMain.java,FactorialMain::main,5,23,Default task
2021-09-06T20:59:12.006+09:00,User,IdeState,Active,PlatformProgramming,Editor,D:/User/PlatformProgramming/src/FactorialMain.java,FactorialMain::main,5,23,Default task
2021-09-06T20:59:13.006+09:00,User,IdeState,Active,PlatformProgramming,Editor,D:/User/PlatformProgramming/src/FactorialMain.java,FactorialMain::main,5,23,Default task
2021-09-06T20:59:14.008+09:00,User,IdeState,Active,PlatformProgramming,Editor,D:/User/PlatformProgramming/src/FactorialMain.java,FactorialMain::main,5,23,Default task
2021-09-06T20:59:15.009+09:00,User,IdeState,Active,PlatformProgramming,Editor,D:/User/PlatformProgramming/src/FactorialMain.java,FactorialMain::main,5,23,Default task
2021-09-06T20:59:16.018+09:00,User,IdeState,Active,PlatformProgramming,Editor,D:/User/PlatformProgramming/src/FactorialMain.java,FactorialMain::main,5,23,Default task
2021-09-06T20:59:17.018+09:00,User,IdeState,Active,PlatformProgramming,Editor,D:/User/PlatformProgramming/src/FactorialMain.java,FactorialMain::main,5,23,Default task
2021-09-06T20:59:18.021+09:00,User,IdeState,Active,PlatformProgramming,Editor,D:/User/PlatformProgramming/src/FactorialMain.java,FactorialMain::main,5,23,Default task
2021-09-06T20:59:19.023+09:00,User,IdeState,Active,PlatformProgramming,Editor,D:/User/PlatformProgramming/src/FactorialMain.java,FactorialMain::main,5,23,Default task
2021-09-06T20:59:20.023+09:00,User,IdeState,Active,PlatformProgramming,Editor,D:/User/PlatformProgramming/src/FactorialMain.java,FactorialMain::main,5,23,Default task
2021-09-06T20:59:21.026+09:00,User,IdeState,Active,PlatformProgramming,Editor,D:/User/PlatformProgramming/src/FactorialMain.java,,10,5,Default task
2021-09-06T20:59:21.166+09:00,User,Action,SaveAll,PlatformProgramming,Editor,D:/User/PlatformProgramming/src/FactorialMain.java,,10,5,Default task
2021-09-06T20:59:22.026+09:00,User,IdeState,Active,PlatformProgramming,Editor,D:/User/PlatformProgramming/src/FactorialMain.java,,10,5,Default task
2021-09-06T20:59:23.028+09:00,User,IdeState,Active,PlatformProgramming,Editor,D:/User/PlatformProgramming/src/FactorialMain.java,,10,5,Default task
2021-09-06T20:59:24.050+09:00,User,IdeState,Inactive,,,,,-1,-1,
2021-09-06T20:59:25.055+09:00,User,IdeState,Inactive,,,,,-1,-1,
2021-09-06T20:59:26.062+09:00,User,IdeState,Inactive,,,,,-1,-1,
2021-09-06T20:59:27.072+09:00,User,IdeState,Active,PlatformProgramming,Project,D:/User/PlatformProgramming/src/FactorialMain.java,,10,5,Default task
2021-09-06T20:59:28.074+09:00,User,IdeState,Active,PlatformProgramming,Project,D:/User/PlatformProgramming/src/FactorialMain.java,,10,5,Default task
2021-09-06T20:59:29.076+09:00,User,IdeState,Active,PlatformProgramming,Project,D:/User/PlatformProgramming/src/FactorialMain.java,,10,5,Default task
2021-09-06T20:59:30.080+09:00,User,IdeState,Active,PlatformProgramming,Project,D:/User/PlatformProgramming/src/FactorialMain.java,,10,5,Default task
2021-09-06T20:59:31.083+09:00,User,IdeState,Inactive,,,,,-1,-1,
2021-09-06T20:59:32.086+09:00,User,IdeState,Inactive,,,,,-1,-1,
2021-09-06T20:59:33.088+09:00,User,IdeState,Inactive,,,,,-1,-1,
2021-09-06T20:59:34.102+09:00,User,IdeState,Inactive,,,,,-1,-1,
2021-09-06T20:59:35.106+09:00,User,IdeState,Inactive,,,,,-1,-1,
2021-09-06T20:59:36.106+09:00,User,IdeState,Inactive,,,,,-1,-1,
2021-09-06T20:59:37.114+09:00,User,IdeState,Inactive,,,,,-1,-1,
2021-09-06T20:59:38.115+09:00,User,IdeState,Inactive,,,,,-1,-1,
2021-09-06T20:59:39.115+09:00,User,IdeState,Inactive,,,,,-1,-1,
2021-09-06T20:59:40.116+09:00,User,IdeState,Inactive,,,,,-1,-1,
2021-09-06T20:59:41.118+09:00,User,IdeState,Inactive,,,,,-1,-1,
2021-09-06T20:59:42.120+09:00,User,IdeState,Inactive,,,,,-1,-1,
2021-09-06T20:59:43.120+09:00,User,IdeState,Inactive,,,,,-1,-1,
2021-09-06T20:59:44.158+09:00,User,IdeState,Inactive,,,,,-1,-1,
2021-09-06T20:59:45.193+09:00,User,IdeState,Inactive,,,,,-1,-1,
2021-09-06T20:59:46.193+09:00,User,IdeState,Inactive,,,,,-1,-1,
2021-09-06T20:59:47.209+09:00,User,IdeState,Inactive,,,,,-1,-1,
2021-09-06T20:59:48.210+09:00,User,IdeState,Inactive,,,,,-1,-1,
2021-09-06T20:59:49.210+09:00,User,IdeState,Inactive,,,,,-1,-1,
2021-09-06T20:59:50.211+09:00,User,IdeState,Inactive,,,,,-1,-1,
2021-09-06T20:59:51.211+09:00,User,IdeState,Inactive,,,,,-1,-1,
2021-09-06T20:59:52.212+09:00,User,IdeState,Inactive,,,,,-1,-1,
2021-09-06T20:59:53.213+09:00,User,IdeState,Inactive,,,,,-1,-1,
2021-09-06T20:59:54.214+09:00,User,IdeState,Inactive,,,,,-1,-1,
2021-09-06T20:59:55.214+09:00,User,IdeState,Inactive,,,,,-1,-1,
2021-09-06T20:59:56.215+09:00,User,IdeState,Inactive,,,,,-1,-1,
2021-09-06T20:59:57.215+09:00,User,IdeState,Inactive,,,,,-1,-1,
2021-09-06T20:59:58.215+09:00,User,IdeState,Inactive,,,,,-1,-1,
2021-09-06T20:59:59.216+09:00,User,IdeState,Inactive,,,,,-1,-1,
2021-09-06T21:00:00.227+09:00,User,IdeState,Inactive,,,,,-1,-1,
2021-09-06T21:00:01.228+09:00,User,IdeState,Inactive,,,,,-1,-1,
2021-09-06T21:00:02.229+09:00,User,IdeState,Inactive,,,,,-1,-1,
2021-09-06T21:00:03.230+09:00,User,IdeState,Inactive,,,,,-1,-1,
2021-09-06T21:00:04.242+09:00,User,IdeState,Inactive,,,,,-1,-1,
2021-09-06T21:00:05.243+09:00,User,IdeState,Inactive,,,,,-1,-1,
2021-09-06T21:00:06.248+09:00,User,IdeState,Inactive,,,,,-1,-1,
2021-09-06T21:00:07.117+09:00,User,Action,$Undo,PlatformProgramming,Editor,D:/User/PlatformProgramming/src/FactorialMain.java,FactorialMain::main,9,9,Default task
2021-09-06T21:00:07.249+09:00,User,IdeState,Active,PlatformProgramming,Editor,D:/User/PlatformProgramming/src/FactorialMain.java,FactorialMain::main,4,46,Default task
2021-09-06T21:00:07.388+09:00,User,Action,$Undo,PlatformProgramming,Editor,D:/User/PlatformProgramming/src/FactorialMain.java,FactorialMain::main,4,46,Default task
2021-09-06T21:00:07.590+09:00,User,Action,$Undo,PlatformProgramming,Editor,D:/User/PlatformProgramming/src/FactorialMain.java,FactorialMain::main,4,44,Default task
2021-09-06T21:00:07.771+09:00,User,Action,$Undo,PlatformProgramming,Editor,D:/User/PlatformProgramming/src/FactorialMain.java,FactorialMain::main,6,30,Default task
2021-09-06T21:00:07.973+09:00,User,Action,$Undo,PlatformProgramming,Editor,D:/User/PlatformProgramming/src/FactorialMain.java,FactorialMain::main,6,36,Default task
2021-09-06T21:00:08.154+09:00,User,Action,$Undo,PlatformProgramming,Editor,D:/User/PlatformProgramming/src/FactorialMain.java,FactorialMain::main,4,47,Default task
2021-09-06T21:00:08.249+09:00,User,IdeState,Active,PlatformProgramming,Editor,D:/User/PlatformProgramming/src/FactorialMain.java,FactorialMain::main,5,0,Default task
2021-09-06T21:00:08.539+09:00,User,Action,$Undo,PlatformProgramming,Editor,D:/User/PlatformProgramming/src/FactorialMain.java,FactorialMain::main,5,0,Default task
2021-09-06T21:00:08.715+09:00,User,Action,$Undo,PlatformProgramming,Editor,D:/User/PlatformProgramming/src/FactorialMain.java,FactorialMain::main,3,43,Default task
2021-09-06T21:00:08.940+09:00,User,Action,$Undo,PlatformProgramming,Editor,D:/User/PlatformProgramming/src/FactorialMain.java,FactorialMain::main,4,0,Default task
2021-09-06T21:00:09.143+09:00,User,Action,$Undo,PlatformProgramming,Editor,D:/User/PlatformProgramming/src/FactorialMain.java,FactorialMain::main,6,0,Default task
2021-09-06T21:00:09.250+09:00,User,IdeState,Active,PlatformProgramming,Editor,D:/User/PlatformProgramming/src/FactorialMain.java,FactorialMain::main,6,0,Default task
2021-09-06T21:00:09.390+09:00,User,Action,$Undo,PlatformProgramming,Editor,D:/User/PlatformProgramming/src/FactorialMain.java,FactorialMain::main,6,0,Default task
2021-09-06T21:00:09.660+09:00,User,Action,$Undo,PlatformProgramming,Editor,D:/User/PlatformProgramming/src/FactorialMain.java,,0,44,Default task
2021-09-06T21:00:09.976+09:00,User,Action,$Undo,PlatformProgramming,Editor,D:/User/PlatformProgramming/src/FactorialMain.java,,1,0,Default task
2021-09-06T21:00:10.251+09:00,User,IdeState,Active,PlatformProgramming,Editor,D:/User/PlatformProgramming/src/FactorialMain.java,,1,0,Default task
2021-09-06T21:00:10.355+09:00,User,Action,$Undo,PlatformProgramming,Editor,D:/User/PlatformProgramming/src/FactorialMain.java,,1,0,Default task
2021-09-06T21:00:10.852+09:00,User,Action,$Undo,PlatformProgramming,Editor,D:/User/PlatformProgramming/src/FactorialMain.java,FactorialMain::main,5,0,Default task
2021-09-06T21:00:11.256+09:00,User,IdeState,Active,PlatformProgramming,Editor,D:/User/PlatformProgramming/src/FactorialMain.java,FactorialMain::main,5,0,Default task
2021-09-06T21:00:12.261+09:00,User,IdeState,Active,PlatformProgramming,Editor,D:/User/PlatformProgramming/src/FactorialMain.java,FactorialMain::main,8,23,Default task
2021-09-06T21:00:13.261+09:00,User,IdeState,Active,PlatformProgramming,Editor,D:/User/PlatformProgramming/src/FactorialMain.java,FactorialMain::main,8,23,Default task
2021-09-06T21:00:14.263+09:00,User,IdeState,Active,PlatformProgramming,Editor,D:/User/PlatformProgramming/src/FactorialMain.java,FactorialMain::main,8,23,Default task
2021-09-06T21:00:15.265+09:00,User,IdeState,Active,PlatformProgramming,Editor,D:/User/PlatformProgramming/src/FactorialMain.java,FactorialMain::main,9,36,Default task
2021-09-06T21:00:16.278+09:00,User,IdeState,Active,PlatformProgramming,Editor,D:/User/PlatformProgramming/src/FactorialMain.java,FactorialMain::main,9,30,Default task
2021-09-06T21:00:17.265+09:00,User,Action,SaveAll,PlatformProgramming,Editor,D:/User/PlatformProgramming/src/FactorialMain.java,FactorialMain::main,8,23,Default task
2021-09-06T21:00:17.333+09:00,User,IdeState,Active,PlatformProgramming,Editor,D:/User/PlatformProgramming/src/FactorialMain.java,FactorialMain::main,8,23,Default task
2021-09-06T21:00:18.340+09:00,User,IdeState,Active,PlatformProgramming,Editor,D:/User/PlatformProgramming/src/FactorialMain.java,FactorialMain::main,8,23,Default task
2021-09-06T21:00:19.341+09:00,User,IdeState,Active,PlatformProgramming,Editor,D:/User/PlatformProgramming/src/FactorialMain.java,FactorialMain::main,8,23,Default task
2021-09-06T21:00:20.343+09:00,User,IdeState,Active,PlatformProgramming,Editor,D:/User/PlatformProgramming/src/FactorialMain.java,FactorialMain::main,8,23,Default task
2021-09-06T21:00:21.344+09:00,User,IdeState,Active,PlatformProgramming,Editor,D:/User/PlatformProgramming/src/FactorialMain.java,FactorialMain::main,8,23,Default task
2021-09-06T21:00:22.345+09:00,User,IdeState,Active,PlatformProgramming,Editor,D:/User/PlatformProgramming/src/FactorialMain.java,FactorialMain::main,8,23,Default task
2021-09-06T21:00:23.347+09:00,User,IdeState,Active,PlatformProgramming,Editor,D:/User/PlatformProgramming/src/FactorialMain.java,FactorialMain::main,8,23,Default task
2021-09-06T21:00:24.347+09:00,User,IdeState,Active,PlatformProgramming,Editor,D:/User/PlatformProgramming/src/FactorialMain.java,FactorialMain::main,8,23,Default task
2021-09-06T21:00:25.348+09:00,User,IdeState,Active,PlatformProgramming,Editor,D:/User/PlatformProgramming/src/FactorialMain.java,FactorialMain::main,8,23,Default task
2021-09-06T21:00:26.348+09:00,User,IdeState,Active,PlatformProgramming,Editor,D:/User/PlatformProgramming/src/FactorialMain.java,FactorialMain::main,7,20,Default task
2021-09-06T21:00:26.604+09:00,User,Action,EditorCopy,PlatformProgramming,Editor,D:/User/PlatformProgramming/src/FactorialMain.java,FactorialMain::main,7,20,Default task
2021-09-06T21:00:27.348+09:00,User,IdeState,Active,PlatformProgramming,Editor,D:/User/PlatformProgramming/src/FactorialMain.java,FactorialMain::main,9,30,Default task
2021-09-06T21:00:27.530+09:00,User,Action,EditorPaste,PlatformProgramming,Editor,D:/User/PlatformProgramming/src/FactorialMain.java,FactorialMain::main,9,30,Default task
2021-09-06T21:00:28.112+09:00,User,Action,SaveAll,PlatformProgramming,Editor,D:/User/PlatformProgramming/src/FactorialMain.java,FactorialMain::main,8,23,Default task
2021-09-06T21:00:28.349+09:00,User,IdeState,Active,PlatformProgramming,Editor,D:/User/PlatformProgramming/src/FactorialMain.java,FactorialMain::main,8,23,Default task
2021-09-06T21:00:29.102+09:00,User,Action,Run,PlatformProgramming,Editor,D:/User/PlatformProgramming/src/FactorialMain.java,FactorialMain::main,8,23,Default task
2021-09-06T21:00:29.362+09:00,User,IdeState,Active,PlatformProgramming,Editor,D:/User/PlatformProgramming/src/FactorialMain.java,FactorialMain::main,8,23,Default task
2021-09-06T21:00:30.362+09:00,User,IdeState,Active,PlatformProgramming,Editor,D:/User/PlatformProgramming/src/FactorialMain.java,FactorialMain::main,8,23,Default task
2021-09-06T21:00:31.363+09:00,User,IdeState,Active,PlatformProgramming,Editor,D:/User/PlatformProgramming/src/FactorialMain.java,FactorialMain::main,8,23,Default task
2021-09-06T21:00:32.363+09:00,User,IdeState,Active,PlatformProgramming,Editor,D:/User/PlatformProgramming/src/FactorialMain.java,FactorialMain::main,8,23,Default task
2021-09-06T21:00:33.365+09:00,User,IdeState,Active,PlatformProgramming,Editor,D:/User/PlatformProgramming/src/FactorialMain.java,FactorialMain::main,8,23,Default task
2021-09-06T21:00:34.365+09:00,User,IdeState,Active,PlatformProgramming,Editor,D:/User/PlatformProgramming/src/FactorialMain.java,FactorialMain::main,8,23,Default task
2021-09-06T21:00:35.366+09:00,User,IdeState,Active,PlatformProgramming,Editor,D:/User/PlatformProgramming/src/FactorialMain.java,FactorialMain::main,8,23,Default task
2021-09-06T21:00:36.366+09:00,User,IdeState,Active,PlatformProgramming,Editor,D:/User/PlatformProgramming/src/FactorialMain.java,FactorialMain::main,8,23,Default task
2021-09-06T21:00:37.383+09:00,User,IdeState,Active,PlatformProgramming,Editor,D:/User/PlatformProgramming/src/FactorialMain.java,FactorialMain::main,8,23,Default task
2021-09-06T21:00:38.385+09:00,User,IdeState,Active,PlatformProgramming,Editor,D:/User/PlatformProgramming/src/FactorialMain.java,FactorialMain::main,8,23,Default task
2021-09-06T21:00:39.385+09:00,User,IdeState,Active,PlatformProgramming,Editor,D:/User/PlatformProgramming/src/FactorialMain.java,FactorialMain::getFactorial,17,21,Default task
2021-09-06T21:00:39.768+09:00,User,Action,SaveAll,PlatformProgramming,Editor,D:/User/PlatformProgramming/src/FactorialMain.java,FactorialMain::getFactorial,17,21,Default task
2021-09-06T21:00:40.385+09:00,User,IdeState,Active,PlatformProgramming,Editor,D:/User/PlatformProgramming/src/FactorialMain.java,FactorialMain::getFactorial,17,21,Default task
2021-09-06T21:00:41.276+09:00,User,Action,SaveAll,PlatformProgramming,Editor,D:/User/PlatformProgramming/src/FactorialMain.java,FactorialMain::getFactorial,17,21,Default task
2021-09-06T21:00:41.389+09:00,User,IdeState,Active,PlatformProgramming,Editor,D:/User/PlatformProgramming/src/FactorialMain.java,FactorialMain::getFactorial,17,21,Default task
2021-09-06T21:00:42.444+09:00,User,IdeState,Inactive,,,,,-1,-1,
2021-09-06T21:00:43.488+09:00,User,IdeState,Inactive,,,,,-1,-1,
2021-09-06T21:00:44.489+09:00,User,IdeState,Inactive,,,,,-1,-1,
2021-09-06T21:00:45.493+09:00,User,IdeState,Active,PlatformProgramming,Project,D:/User/PlatformProgramming/src/FactorialMain.java,FactorialMain::getFactorial,17,21,Default task
2021-09-06T21:00:46.494+09:00,User,IdeState,Inactive,,,,,-1,-1,
2021-09-06T21:00:47.494+09:00,User,IdeState,Inactive,,,,,-1,-1,
2021-09-06T21:00:48.495+09:00,User,IdeState,Inactive,,,,,-1,-1,
2021-09-06T21:00:49.495+09:00,User,IdeState,Inactive,,,,,-1,-1,
2021-09-06T21:00:50.497+09:00,User,IdeState,Inactive,,,,,-1,-1,
2021-09-06T21:00:51.498+09:00,User,IdeState,Inactive,,,,,-1,-1,
2021-09-06T21:00:52.500+09:00,User,IdeState,Inactive,,,,,-1,-1,
2021-09-06T21:00:53.500+09:00,User,IdeState,Inactive,,,,,-1,-1,
2021-09-06T21:00:54.501+09:00,User,IdeState,Inactive,,,,,-1,-1,
2021-09-06T21:00:55.509+09:00,User,IdeState,Inactive,,,,,-1,-1,
2021-09-06T21:00:56.510+09:00,User,IdeState,Inactive,,,,,-1,-1,
2021-09-06T21:00:57.511+09:00,User,IdeState,Inactive,,,,,-1,-1,
2021-09-06T21:00:58.511+09:00,User,IdeState,Inactive,,,,,-1,-1,
2021-09-06T21:00:59.530+09:00,User,IdeState,Inactive,,,,,-1,-1,
2021-09-06T21:01:00.580+09:00,User,IdeState,Inactive,,,,,-1,-1,
2021-09-06T21:01:01.587+09:00,User,IdeState,Inactive,,,,,-1,-1,
2021-09-06T21:01:02.587+09:00,User,IdeState,Inactive,,,,,-1,-1,
2021-09-06T21:01:03.589+09:00,User,IdeState,Inactive,,,,,-1,-1,
2021-09-06T21:01:04.592+09:00,User,IdeState,Inactive,,,,,-1,-1,
2021-09-06T21:01:05.592+09:00,User,IdeState,Inactive,,,,,-1,-1,
2021-09-06T21:01:06.594+09:00,User,IdeState,Inactive,,,,,-1,-1,
2021-09-06T21:01:07.595+09:00,User,IdeState,Inactive,,,,,-1,-1,
2021-09-06T21:01:08.595+09:00,User,IdeState,Inactive,,,,,-1,-1,
2021-09-06T21:01:09.595+09:00,User,IdeState,Inactive,,,,,-1,-1,
2021-09-06T21:01:10.597+09:00,User,IdeState,Inactive,,,,,-1,-1,
2021-09-06T21:01:11.597+09:00,User,IdeState,Active,PlatformProgramming,Editor,D:/User/PlatformProgramming/src/FactorialMain.java,,1,25,Default task
2021-09-06T21:01:12.593+09:00,User,Action,EditorBackSpace,PlatformProgramming,Editor,D:/User/PlatformProgramming/src/FactorialMain.java,,0,0,Default task
2021-09-06T21:01:12.599+09:00,User,IdeState,Active,PlatformProgramming,Editor,D:/User/PlatformProgramming/src/FactorialMain.java,,0,0,Default task
2021-09-06T21:01:13.601+09:00,User,IdeState,Active,PlatformProgramming,Editor,D:/User/PlatformProgramming/src/FactorialMain.java,,1,0,Default task
2021-09-06T21:01:13.837+09:00,User,Action,EditorBackSpace,PlatformProgramming,Editor,D:/User/PlatformProgramming/src/FactorialMain.java,,1,0,Default task
2021-09-06T21:01:14.602+09:00,User,IdeState,Active,PlatformProgramming,Editor,D:/User/PlatformProgramming/src/FactorialMain.java,,0,0,Default task
2021-09-06T21:01:15.010+09:00,User,Action,SaveAll,PlatformProgramming,Editor,D:/User/PlatformProgramming/src/FactorialMain.java,,0,0,Default task
2021-09-06T21:01:15.602+09:00,User,IdeState,Active,PlatformProgramming,Editor,D:/User/PlatformProgramming/src/FactorialMain.java,,0,0,Default task
2021-09-06T21:01:16.607+09:00,User,IdeState,Inactive,,,,,-1,-1,
2021-09-06T21:01:17.524+09:00,User,Action,SaveAll,PlatformProgramming,Editor,D:/User/PlatformProgramming/src/FactorialMain.java,FactorialMain::main,9,16,Default task
2021-09-06T21:01:17.642+09:00,User,IdeState,Active,PlatformProgramming,Editor,D:/User/PlatformProgramming/src/FactorialMain.java,FactorialMain::main,9,16,Default task
2021-09-06T21:01:18.643+09:00,User,IdeState,Active,PlatformProgramming,Editor,D:/User/PlatformProgramming/src/FactorialMain.java,FactorialMain::main,9,16,Default task
2021-09-06T21:01:19.644+09:00,User,IdeState,Active,PlatformProgramming,Project,D:/User/PlatformProgramming/src/FactorialMain.java,FactorialMain::main,9,16,Default task
2021-09-06T21:01:20.647+09:00,User,IdeState,Active,PlatformProgramming,Project,D:/User/PlatformProgramming/src/FactorialMain.java,FactorialMain::main,9,16,Default task
2021-09-06T21:01:21.649+09:00,User,IdeState,Inactive,,,,,-1,-1,
2021-09-06T21:01:22.649+09:00,User,IdeState,Inactive,,,,,-1,-1,
2021-09-06T21:01:23.651+09:00,User,IdeState,Inactive,,,,,-1,-1,
2021-09-06T21:01:24.653+09:00,User,IdeState,Inactive,,,,,-1,-1,
2021-09-06T21:01:25.654+09:00,User,IdeState,Inactive,,,,,-1,-1,
2021-09-06T21:01:26.661+09:00,User,IdeState,Inactive,,,,,-1,-1,
2021-09-06T21:01:27.662+09:00,User,IdeState,Inactive,,,,,-1,-1,
2021-09-06T21:01:28.662+09:00,User,IdeState,Inactive,,,,,-1,-1,
2021-09-06T21:01:29.663+09:00,User,IdeState,Inactive,,,,,-1,-1,
2021-09-06T21:01:30.663+09:00,User,IdeState,Inactive,,,,,-1,-1,
2021-09-06T21:01:31.663+09:00,User,IdeState,Inactive,,,,,-1,-1,
2021-09-06T21:01:32.664+09:00,User,IdeState,Inactive,,,,,-1,-1,
2021-09-06T21:01:33.667+09:00,User,IdeState,Inactive,,,,,-1,-1,
2021-09-06T21:01:34.670+09:00,User,IdeState,Inactive,,,,,-1,-1,
2021-09-06T21:01:35.672+09:00,User,IdeState,Inactive,,,,,-1,-1,
2021-09-06T21:01:36.674+09:00,User,IdeState,Inactive,,,,,-1,-1,
2021-09-06T21:01:37.674+09:00,User,IdeState,Inactive,,,,,-1,-1,
2021-09-06T21:01:38.677+09:00,User,IdeState,Inactive,,,,,-1,-1,
